image_url,temple_name
https://assets.churchofjesuschrist.org/00/1d/001db7326e638032470a02813c9e47191ef74b0e/rio_de_janeiro_brazil_temple.jpeg,Rio De Janeiro Brazil
https://assets.churchofjesuschrist.org/00/c6/00c637a36f5f11edb9fceeeeac1edbfa78866602/quito_ecuador_temple.png,Quito Ecuador
https://assets.churchofjesuschrist.org/00/ea/00eada1bd8dddbc4d59af65f66865734c76a69e3/atlanta_temple_lds.jpeg,Atlanta
https://assets.churchofjesuschrist.org/03/51/03516ef17fe4e4a6aac0d6da09673e923d9a3942/reno_temple_lds.jpeg,Reno
https://assets.churchofjesuschrist.org/08/81/088138fe9fc211ec987feeeeac1e2a17f945bcb2/pocatello_idaho_temple.jpeg,Pocatello Idaho
https://assets.churchofjesuschrist.org/08/ad/08ad2bd1eb6e11edb0e7eeeeac1e4b1abb2d94ea/helena_montana_temple_exterior.jpeg,Helena Montana
https://assets.churchofjesuschrist.org/0a/5f/0a5ff56bebe2492e8c1e7ca797d461fff8fdac1a/san_salvador_el_salvador_temple_lds.jpeg,San Salvador El Salvador
https://assets.churchofjesuschrist.org/0a/ac/0aac4d049a074897419ec63f41171d50ca0e3993/spokane_washington_temple_lds.jpeg,Spokane Washington
https://assets.churchofjesuschrist.org/0b/64/0b6461093b5abb78869c2fc094f0dcd6b492fce2/denver_colorado_temple.jpeg,Denver Colorado
https://assets.churchofjesuschrist.org/0d/b1/0db130c38685c08bda79ef70b80ab4dbbf075cc9/brigham_city_utah_temple_dawn.jpeg,Brigham City Utah Temple
https://assets.churchofjesuschrist.org/0e/87/0e87d1c971617476db90316703d286ca544a81f0/nashville_temple_lds.jpeg,Nashville
https://assets.churchofjesuschrist.org/0e/e8/0ee8dba52740f86515cb279b3f51768bc59b4fb5/fort_collins_temple_sunset.jpeg,Fort Collins Temple
https://assets.churchofjesuschrist.org/10/b9/10b92cccede873badb89e78fe516e3e4b39cd7af/orlando_florida_mormon_temple.jpeg,Orlando Florida Mormon
https://assets.churchofjesuschrist.org/12/24/1224932cd33009e6a51d92f5bd286112cb530cb1/melbourne_australia_temple_lds.jpeg,Melbourne Australia
https://assets.churchofjesuschrist.org/14/90/1490bdca1acee69e947c5225f1dac282908c0ac2/nauvoo_temple.jpeg,Nauvoo
https://assets.churchofjesuschrist.org/14/d6/14d62436a315974c74a0d7350c3c36bccdab8a08/st_louis_temple_lds.jpeg,St Louis
https://assets.churchofjesuschrist.org/15/e3/15e3f7bd07d84cbff0cb7440cc9b32253706fc39/provo_temple_lds.jpeg,Provo
https://assets.churchofjesuschrist.org/15/f1/15f15e9574f6bed3b99b7bd7220eaa29ad1c8dab/bismarck_north_dakota_temple.jpeg,Bismarck North Dakota
https://assets.churchofjesuschrist.org/16/e3/16e30151c6da11ee95ebeeeeac1ea7654e5da1ab/elder_andersen_dedicates_lisbon_portugal_temple.jpeg,Elder Andersen Dedicates Lisbon Portugal
https://assets.churchofjesuschrist.org/18/c4/18c422cb35722ec71f6a54fca6fb427491faeb2a/kyiv_ukraine_lds_temple.jpeg,Kyiv Ukraine Lds
https://assets.churchofjesuschrist.org/18/da/18dad5264d47443ae650e70a364c3b6f59ba08e4/gilbert_arizona_lds_temple.jpeg,Gilbert Arizona Lds
https://assets.churchofjesuschrist.org/19/60/1960ac6c8302db9b125f90b0b6f37e6b376455e9/manaus_brazil_temple_lds.jpeg,Manaus Brazil
https://assets.churchofjesuschrist.org/1a/10/1a10474e03a5917ecee3f41c3c90cb65ab5de617/billings_temple_lds.jpeg,Billings
https://assets.churchofjesuschrist.org/1a/52/1a52c814fe0ebf7033de1414df9a45faa97a9f1b/vernal_temple_lds.jpeg,Vernal
https://assets.churchofjesuschrist.org/1a/53/1a533d9a3023d6579bf07948e26e0ee6a031c9d9/brisbane_australia_temple_lds.jpeg,Brisbane Australia
https://assets.churchofjesuschrist.org/1a/57/1a577109d4be5b1f2e16440d514a5c9a7415c0a8/albuquerque_temple_lds.jpeg,Albuquerque
https://assets.churchofjesuschrist.org/1c/cf/1ccf50bf0fa49547baccb8e77bbd782a4669238a/seattle_temple_lds.jpeg,Seattle
https://assets.churchofjesuschrist.org/1f/61/1f613a25e8c3fc308eff05c36bb02e78b9eef6c9/suva_fiji_temple_lds.jpeg,Suva Fiji
https://assets.churchofjesuschrist.org/1f/c5/1fc5caf020e033e989a3177d30ae1e3ef00d99f2/las_vegas_temple_lds.jpeg,Las Vegas
https://assets.churchofjesuschrist.org/20/27/20271e5396a2488e93275a8a2e357f96172d8205/adelaide_australia_temple_lds.jpeg,Adelaide Australia
https://assets.churchofjesuschrist.org/22/7f/227f192ac380321a71c1d21a2132dfe411df1c2c/medford_temple_lds.jpeg,Medford
https://assets.churchofjesuschrist.org/22/f6/22f66553cbb2b3dd4ad2b4406a88c22fd2442066/memphis_temple_lds.jpeg,Memphis
https://assets.churchofjesuschrist.org/24/bc/24bcad982986901547e0de80260376fa2c8401be/philippines_cebu_temple.jpeg,Philippines Cebu
https://assets.churchofjesuschrist.org/25/31/253122ddcd621aa0a460c39066f8fe310248d332/raleigh_north_carolina_temple.jpeg,Raleigh North Carolina
https://assets.churchofjesuschrist.org/25/af/25afe588cadc51e633900ac873853464ef28fa95/gila_valley_temple_lds.jpeg,Gila Valley
https://assets.churchofjesuschrist.org/26/e0/26e0eb04a0a8e9fc7dddd0c1fabdcb0a46926047/hong_kong_china_temple_lds.jpeg,Hong Kong China
https://assets.churchofjesuschrist.org/27/9f/279fa855dd16766b6bd4ecd38baed7205c58c2d0/halifax_nova_scotia_temple_sunset.jpeg,Halifax Nova Scotia Temple
https://assets.churchofjesuschrist.org/27/b2/27b23f63840511eeabe2eeeeac1e3dbe234e66cd/red_cliffs_utah_temple_exterior.jpeg,Red Cliffs Utah
https://assets.churchofjesuschrist.org/29/7c/297c7989d5b8c144c10a4c3f53fefc44753abce3/guadalajara_temple_lds.jpeg,Guadalajara
https://assets.churchofjesuschrist.org/2a/83/2a834bc01de0a14834b2fe1827b74d9bc20a74ca/monticello_temple_lds.jpeg,Monticello
https://assets.churchofjesuschrist.org/2a/ee/2aeec88e7081042272f9d24edbff2502e93caf62/merida_mexico_temple_lds.jpeg,Merida Mexico
https://assets.churchofjesuschrist.org/2b/cf/2bcf6455a4fdbf49974dc89afb46d8ef057a25a4/concepcion_chile_temple.jpeg,Concepcion Chile
https://assets.churchofjesuschrist.org/2d/bf/2dbf715b582825281c2d291b02003ee2e3842317/tegucigalpa_honduras_temple_lds.jpeg,Tegucigalpa Honduras
https://assets.churchofjesuschrist.org/2e/f9/2ef92a06f1e511eebed4eeeeac1ea3081b24aff4/pittsburgh_pennsylvania_temple_exteriors.jpeg,Pittsburgh Pennsylvania
https://assets.churchofjesuschrist.org/2J/fD/2JfDhZIwiwjNL9yhTwFrWkVOzTT1rTrOxjdfBZ9q/san_pedro_sula_honduras_temple_exteriors.jpeg,San Pedro Sula Honduras
https://assets.churchofjesuschrist.org/31/78/31781c53c0b1fcc25769f1636d596c02e0042dce/sydney_australia_temple_sunset.jpeg,Sydney Australia Temple
https://assets.churchofjesuschrist.org/32/06/32063b0e351e47f76db1a50009f685761f48524d/stockholm_sweden_lds_temple.jpeg,Stockholm Sweden Lds
https://assets.churchofjesuschrist.org/32/7d/327d372c89e0e01fc2ea425649f8573023346fed/copenhagen_denmark_temple_lds.jpeg,Copenhagen Denmark
https://assets.churchofjesuschrist.org/32/ba/32bac652cd9452c26235520f3e436e7ffbeeea37/dallas_temple_lds.jpeg,Dallas
https://assets.churchofjesuschrist.org/34/3c/343ce8def08b60587ce3d24aa36522110586f8e5/cedar_city_utah_temple_exterior.jpeg,Cedar City Utah
https://assets.churchofjesuschrist.org/35/fd/35fd231831506d3e7ae534b1a2017fd387980433/asuncion_paraguay_temple_lds.jpeg,Asuncion Paraguay
https://assets.churchofjesuschrist.org/36/e4/36e4c4f367cfab006feb507790c6d9e94c5d146c/freiberg_germany_temple_lds.jpeg,Freiberg Germany
https://assets.churchofjesuschrist.org/37/52/37521ddce9cdd44e764065ca947984a032d76cb7/columbia_temple.jpeg,Columbia
https://assets.churchofjesuschrist.org/39/6d/396dd44dcb8c55b10150bae7f3916389465acc0d/buenos_aires_argentina_temple.jpeg,Buenos Aires Argentina
https://assets.churchofjesuschrist.org/39/a3/39a3e4569dce11ee8cc6eeeeac1ee84f4e58bee6/taylorsville_utah_temple_exteriors.jpeg,Taylorsville Utah
https://assets.churchofjesuschrist.org/3a/45/3a450c005268d43969dba8e83fd6ce5b1c951b71/san_antonio_temple_lds.jpeg,San Antonio
https://assets.churchofjesuschrist.org/3a/57/3a576e7992d0ccd390d9019e33265ddad023f556/london_england_temple_lds.jpeg,London England
https://assets.churchofjesuschrist.org/41/d0/41d0e12caf1b11eeade8eeeeac1e143c68067e1d/puebla_mexico_temple_exterior.jpeg,Puebla Mexico
https://assets.churchofjesuschrist.org/43/22/4322fca8472487acd3565aafb0da7e6056c57a22/sacramento_temple_lds.jpeg,Sacramento
https://assets.churchofjesuschrist.org/43/b4/43b4d1fc7fabb818f10b6e092a3b58e1984f8e96/logan_utah_temple.jpeg,Logan Utah
https://assets.churchofjesuschrist.org/44/a8/44a8a9d03382b7127fa858af78cfcd83d63ad275/columbia_river_temple_lds.jpeg,Columbia River
https://assets.churchofjesuschrist.org/46/42/46421eafb006a52f0113615ee4f532cf222e8fd8/oklahoma_temple_lds.jpeg,Oklahoma
https://assets.churchofjesuschrist.org/46/62/4662e2d43b8c11ee8ebbeeeeac1e96e336e9e2cf/bangkok_thailand_temple_exteriors.png,Bangkok Thailand
https://assets.churchofjesuschrist.org/46/63/4663d74ec200cdce7db6e797348d509c994137a7/barranquilla_colombia_temple_exterior.jpeg,Barranquilla Colombia
https://assets.churchofjesuschrist.org/46/91/46910789b4c911eeaf5feeeeac1ed77e9a30ef3f/urdaneta_philippines_temple_exterior.jpeg,Urdaneta Philippines
https://assets.churchofjesuschrist.org/48/44/48446444a7b8d2d2aebe3e3cfc2706d7b026a464/veracruz_mexico_temple_lds.jpeg,Veracruz Mexico
https://assets.churchofjesuschrist.org/49/ce/49ce57ffd3ae51ba9b29e6dc5d6b156c79e08dd2/boston_temple_lds.jpeg,Boston
https://assets.churchofjesuschrist.org/4a/92/4a9292199a4f481a72d7fe4c4c67845a4b2d83e6/curitiba_brazil_temple_lds.jpeg,Curitiba Brazil
https://assets.churchofjesuschrist.org/4b/12/4b129a33b4b311ee9c99eeeeac1e820ae5a7a3bb/coban_guatemala_temple_exteriors.jpeg,Coban Guatemala
https://assets.churchofjesuschrist.org/4b/f9/4bf9d39bb528bad9ce09a57058c2ceffc2f37cbb/idaho_fall_temple_pond.jpeg,Idaho Fall Temple
https://assets.churchofjesuschrist.org/4c/e7/4ce7ba3b22bd0abef0e4ae25030920b398425cbd/exterior_sapporo_japan_temples.jpeg,Exterior Sapporo Japan
https://assets.churchofjesuschrist.org/4e/35/4e35ef2858432da81d11185b5e6dece42f7b1105/porto_alegre_brazil_temple_lds.jpeg,Porto Alegre Brazil
https://assets.churchofjesuschrist.org/4f/13/4f1313d912b16ff535921025812d2332ca0f8e99/tokyo_japan_temple_lds.jpeg,Tokyo Japan
https://assets.churchofjesuschrist.org/4f/72/4f72c0ad56e26ceb3c51e2cd623177bed27cc0fd/edmonton_alberta_temple_lds.jpeg,Edmonton Alberta
https://assets.churchofjesuschrist.org/4f/bf/4fbff8f9b4d4bc10041f52b7de02d507c07a2d1c/rendering_abidjan_ivory_coast_temple.jpeg,Rendering Abidjan Ivory Coast
https://assets.churchofjesuschrist.org/51/ed/51edc593152e11ee90afeeeeac1ef99dfe5ba797/mcallen_texas_temple_exterior.jpeg,Mcallen Texas
https://assets.churchofjesuschrist.org/53/2e/532e6fe4aff311eeabe9eeeeac1e28aa290df120/layton_utah_temple_exterior.jpeg,Layton Utah
https://assets.churchofjesuschrist.org/54/34/543450762942ce590f1eb9e43e4b2547d13ee36b/frankfurt_germany_temple_lds.jpeg,Frankfurt Germany
https://assets.churchofjesuschrist.org/55/0b/550bf261ac7911ed8c4beeeeac1e96d814e4a849/saratoga_springs_utah_temple_exteriors.jpeg,Saratoga Springs Utah
https://assets.churchofjesuschrist.org/55/93/5593e96f9dfee7623632ffa05af7807ef7d84c1b/villahermosa_mexico_temple_lds.jpeg,Villahermosa Mexico
https://assets.churchofjesuschrist.org/56/45/5645178ebd90ddf7695f2bbc3e8a31ff51ddc6da/washington_dc_temple.jpeg,Washington Dc
https://assets.churchofjesuschrist.org/57/21/572178871ee23c9cf26a43733ff3749c6d8c5d27/baton_rouge_temple_lds.jpeg,Baton Rouge
https://assets.churchofjesuschrist.org/58/13/581374a61f8732d11ebff1496246465905078e11/oaxaca_mexico_temple_lds.jpeg,Oaxaca Mexico
https://assets.churchofjesuschrist.org/58/8d/588d3a27e2b911ec94adeeeeac1e0a0694f432a0/belem_brazil_temple_exterior.jpeg,Belem Brazil
https://assets.churchofjesuschrist.org/59/a8/59a867c4052795ee6ac95c839229b3ec41b0c656/mexico_city_temple_exterior.jpeg,Mexico City
https://assets.churchofjesuschrist.org/5b/f6/5bf6850468720495a7b35d5ca2e8747354f49f10/santo_domingo_dominican_republic_temple_lds.jpeg,Santo Domingo Dominican Republic
https://assets.churchofjesuschrist.org/5c/27/5c2759fb783b0562d572ccdb4a8b9b6cc10d02f5/san_jose_costa_rica_temple_lds.jpeg,San Jose Costa Rica
https://assets.churchofjesuschrist.org/5d/be/5dbebad7cd20cfc90592b6acb8c5864db3a98ade/chicago_temple_lds.jpeg,Chicago
https://assets.churchofjesuschrist.org/5e/c0/5ec026c4efeaaa19a98e40f0f1b4c6069ae63517/paris_france_temple_exterior.jpeg,Paris France
https://assets.churchofjesuschrist.org/5e/c1/5ec1f6e9b3ee7177d1c7abd1101ac44b96c1f87e/kansas_city_temple_lds.jpeg,Kansas City
https://assets.churchofjesuschrist.org/61/b2/61b20596478021fff20309c8f3772b6a3fc9a0e5/monterrey_mexico_temple_lds.jpeg,Monterrey Mexico
https://assets.churchofjesuschrist.org/62/28/6228cfdbbd6c0d4fa151dcd74eb727cbfe5540d9/philadelphia_pennsylvania_temple.jpeg,Philadelphia Pennsylvania
https://assets.churchofjesuschrist.org/63/ee/63ee0de38ed3430d92daeecaa5e200ed72dc26d9/snowflake_temple_lds.jpeg,Snowflake
https://assets.churchofjesuschrist.org/67/5a/675a15db019ee07ee8cef82de80b2c1d5fd3f862/hague_netherlands_temple_lds.jpeg,Hague Netherlands
https://assets.churchofjesuschrist.org/6b/6e/6b6e41369b16768d4d61dcfe17740cc1b00ecce3/cordoba_argentina_temples_buildings.jpeg,Cordoba Argentina Temples
https://assets.churchofjesuschrist.org/6b/a3/6ba3ebd40bb1c16a76c34b8f5d5e82e2090a023d/fukuoka_japan_temple_lds.jpeg,Fukuoka Japan
https://assets.churchofjesuschrist.org/6c/6a/6c6a3244094011eea991eeeeac1e51e90da95a3a/feather_river_california_temple_exterior.jpeg,Feather River California
https://assets.churchofjesuschrist.org/6c/f5/6cf5534366ee359cb42d7e6eb0daede56939fca8/manti_temple_lds.jpeg,Manti
https://assets.churchofjesuschrist.org/6e/24/6e24b53d5fa5799f2339585e56495744ac80287f/houston_temple_lds.jpeg,Houston
https://assets.churchofjesuschrist.org/6f/e0/6fe0216c68fc3a8b20cf291bcac84bf8d42cc5da/haiti_temple_exterior.jpeg,Haiti
https://assets.churchofjesuschrist.org/6f/f9/6ff95ff62f1c69081fa82f871c3a50d27ac20065/taipei_taiwan_lds_temple.jpeg,Taipei Taiwan Lds
https://assets.churchofjesuschrist.org/70/2a/702a311674a9949283bf2ea756bf5f065455a316/kirtland_temple.jpeg,Kirtland
https://assets.churchofjesuschrist.org/71/18/7118453153811f24bf0da76aba8c7c8dd87d139e/ogden_utah_temple.jpeg,Ogden Utah
https://assets.churchofjesuschrist.org/72/9c/729c84695f8ae992032bac8563ef183abd76867a/columbia_river_temple_lds.jpeg,Columbia River
https://assets.churchofjesuschrist.org/74/90/749035c1a6443b88257c4c5011ffc57222af3164/perth_australia_temple.jpeg,Perth Australia
https://assets.churchofjesuschrist.org/75/a2/75a25fc00384f7067f485315607cc760381f35d2/manila_philippines_temple_lds.jpeg,Manila Philippines
https://assets.churchofjesuschrist.org/75/ea/75ea31e905e607127356042de809cbdc3632b087/san_juan_puerto_rico_temple.jpeg,San Juan Puerto Rico
https://assets.churchofjesuschrist.org/79/66/7966d14e4b63698bddfbfbf57b6ed9dc1649fb5d/boise_idaho_temple_lds.jpeg,Boise Idaho
https://assets.churchofjesuschrist.org/7a/0f/7a0f50d86d25bad2131ff37fa7a90f48b5472df0/laie_temple.jpeg,Laie
https://assets.churchofjesuschrist.org/7a/93/7a934d3165f47ef2573deadb957201908eb3dee6/oakland_temple_lds.jpeg,Oakland
https://assets.churchofjesuschrist.org/7b/6a/7b6a4d1244ef80f58e5fc47da75707a8c3237173/rexburg_temple_lds.jpeg,Rexburg
https://assets.churchofjesuschrist.org/7e/31/7e314b684cb2e8c0a09be9f4a1a237ea74e0669d/payson_temple_exterior.jpeg,Payson
https://assets.churchofjesuschrist.org/7e/71/7e7130b7b9dbfe8be22361e7f6fa566c14a39612/manhattan_temple_lds.jpeg,Manhattan
https://assets.churchofjesuschrist.org/80/14/8014583f04cf39d3f4207a71442310c57002cc67/montreal_quebec_temple.jpeg,Montreal Quebec
https://assets.churchofjesuschrist.org/80/34/803458ffc734b02820e223c12de1092dd0f8de70/oquirrh_mountain_utah_mormon_temple.jpeg,Oquirrh Mountain Utah Mormon
https://assets.churchofjesuschrist.org/80/69/80699f418aa75771d3f9793a9965d09448280571/tampico_mexico_temple_lds.jpeg,Tampico Mexico
https://assets.churchofjesuschrist.org/82/50/825014ad7522e9baeadfafbee6ac86a4aecad6e0/aba_nigeria_temple_lds.jpeg,Aba Nigeria
https://assets.churchofjesuschrist.org/82/9b/829bc3e66001826e7e9d377539d2b85e1937a3f2/cardston_alberta_temple_lds.jpeg,Cardston Alberta
https://assets.churchofjesuschrist.org/85/40/8540649d4237393e9b6ae327ab4aac3992f62bd9/campinas_brazil_temple_lds.jpeg,Campinas Brazil
https://assets.churchofjesuschrist.org/87/05/870578c5fa6f11edb2e2eeeeac1e709e84598271/moses_lake_washington_temple_exterior.jpeg,Moses Lake Washington
https://assets.churchofjesuschrist.org/89/97/8997d67ecc3011eebfd1eeeeac1e4e2f81a7e639/salta_argentina_temple_exterior.jpeg,Salta Argentina
https://assets.churchofjesuschrist.org/8b/3f/8b3f1b895a7c92ee66c2d0c7e78606f75f0d0cc8/durban_south_africa_temple_exterior.png,Durban South Africa
https://assets.churchofjesuschrist.org/8b/a6/8ba6fafeca107ed760a446ef8963dac2cae9045b/st_paul_minnesota_lds_temple.jpeg,St Paul Minnesota Lds
https://assets.churchofjesuschrist.org/8c/9a/8c9a8135ae6962307b0150233443cb45b40673f4/panama_city_temple_lds.jpeg,Panama City
https://assets.churchofjesuschrist.org/8d/03/8d03a863202511eeaf55eeeeac1eaac5f5ab9bd4/okinawa_japan_temple_exterior.jpeg,Okinawa Japan
https://assets.churchofjesuschrist.org/8d/15/8d15af22978011edae44eeeeac1e7b4cc85f1968/prj11278830.jpeg,Prj11278830
https://assets.churchofjesuschrist.org/8f/34/8f34343d84a9cf9dfea0f236749bc391235c86f0/phoenix_arizona_temple.jpeg,Phoenix Arizona
https://assets.churchofjesuschrist.org/8f/3d/8f3d258495ac6e549822785350c3b9afad49c838/hartford_temples_steeples_angel_moroni.jpeg,Hartford Temples Steeples
https://assets.churchofjesuschrist.org/8f/84/8f8452d9b45665c80b7de39de852aeeb75bd0376/madrid_spain_mormon_temple.jpeg,Madrid Spain Mormon
https://assets.churchofjesuschrist.org/92/c3/92c33bcbf9cf85483e008d6871f8ced5f6d7b661/salt_lake_temple_lds.jpeg,Salt Lake
https://assets.churchofjesuschrist.org/95/f3/95f3f3abdd4811ed920ceeeeac1e15db91037802/brasilia_brazil_temple_exterior.jpeg,Brasilia Brazil
https://assets.churchofjesuschrist.org/97/88/978860bab5c311ec9b2deeeeac1efb02ff7625cc/praia_cape_verde_temple.jpeg,Praia Cape Verde
https://assets.churchofjesuschrist.org/9a/ea/9aea1121d343c8f73b2f358a692b33cf9a2db559/temple_exterior_columbus_ohio.jpeg,Temple Exterior Columbus Ohio
https://assets.churchofjesuschrist.org/9b/18/9b1836f5622b5eba399984b40d3f3ccb4e16153b/montevideo_uruguay_temple_lds.jpeg,Montevideo Uruguay
https://assets.churchofjesuschrist.org/9f/29/9f299211386811ee98cbeeeeac1e9190fd45eadc/orem_utah_temple_exterior.jpeg,Orem Utah
https://assets.churchofjesuschrist.org/9f/54/9f541175bcfc11eca77eeeeeac1ea52488fbff2f/yigo_guam_temple.jpeg,Yigo Guam
https://assets.churchofjesuschrist.org/9f/c6/9fc6d53550ed3243fb8eca9ebceb284d4865e7db/san_diego_california_temple.jpeg,San Diego California
https://assets.churchofjesuschrist.org/a1/1f/a11f1cfeae6a22f583be3f8582c5176559db49b3/palmyra_new_york_mormon_temple.jpeg,Palmyra New York Mormon
https://assets.churchofjesuschrist.org/a1/c5/a1c5a3fcce60a5e038e3e8bd3030a998ad227ba6/johannesburg_south_africa_temple_lds.jpeg,Johannesburg South Africa
https://assets.churchofjesuschrist.org/a2/40/a240f8560afb7e6cc22ac7060ced18a371908af8/mesa_temple_reflection.jpeg,Mesa Temple
https://assets.churchofjesuschrist.org/a2/lm/a2lmjqu7dqiy80b1fcw4xulzkllh3tlv797fmeuq/deseret_peak_utah_temple_exterior.jpeg,Deseret Peak Utah
https://assets.churchofjesuschrist.org/a3/96/a3969831f6ee2fb8dd6d29c099d0ff8d1c8a65b8/fort_lauderdale_florida_temple.jpeg,Fort Lauderdale Florida
https://assets.churchofjesuschrist.org/a4/7d/a47d841b88cbe63a7265ae2f0a52300dd1931194/colonia_juarez_chihuahua_mexico_temple.jpeg,Colonia Juarez Chihuahua Mexico
https://assets.churchofjesuschrist.org/a5/5d/a55d546a3b9f11ee8ebbeeeeac1e96e3145733e4/lima_peru_los_olivos_temple_exterior.jpeg,Lima Peru Los Olivos
https://assets.churchofjesuschrist.org/a6/71/a6719d56298f7525658ed573156113c25dd665d7/fresno_temple_lds.jpeg,Fresno
https://assets.churchofjesuschrist.org/a6/86/a68695910157ca975763cf0a7b321d5462b1d1d9/preston_england_temple_lds.jpeg,Preston England
https://assets.churchofjesuschrist.org/ac/8c/ac8c7b36ea0869258fd0b245b03ecaa7f924f644/tijuana_mexico_temple_rendering.jpeg,Tijuana Mexico Temple
https://assets.churchofjesuschrist.org/ad/13/ad136e9292c808a43e65262d436d94291dad09c8/bountiful_temple_lds.jpeg,Bountiful
https://assets.churchofjesuschrist.org/af/73/af738ed0d92670df3b4266f8bb02e7f6ac8f7b35/redlands_california_temple.jpeg,Redlands California
https://assets.churchofjesuschrist.org/b2/85/b28597796300dda1724e1844db40d74790020bf0/guayaquil_ecuador_temple_lds.jpeg,Guayaquil Ecuador
https://assets.churchofjesuschrist.org/b6/be/b6becb4ca0c60a52ad5dc57a90ec69fe5fe7ec63/santiago_chile_lds_temple.jpeg,Santiago Chile Lds
https://assets.churchofjesuschrist.org/b6/e3/b6e3d29eb9947ea11a6c777b53d556ed1b282235/star_valley_wyoming_temple.jpeg,Star Valley Wyoming
https://assets.churchofjesuschrist.org/b8/a1/b8a175b549d4b45a0ac5ab6ad42a9a7ff3f415b0/papeete_tahiti_temple.jpeg,Papeete Tahiti
https://assets.churchofjesuschrist.org/ba/d2/bad230b94fa4067c6c8079849f5f1a82a8d9f927/draper_utah_temple.jpeg,Draper Utah
https://assets.churchofjesuschrist.org/bb/b8/bbb8f94c62bde81e2f21e85937f86627d7fdc43a/toronto_temple_lds.jpeg,Toronto
https://assets.churchofjesuschrist.org/bc/05/bc05b10ffbeffae8227edb28e542cc0bae5c003e/exterior_fortaleza_temple.jpeg,Exterior Fortaleza
https://assets.churchofjesuschrist.org/be/dc/bedc04279226377b6c9f40b97b67964520fcd798/portland_temple_lds.jpeg,Portland
https://assets.churchofjesuschrist.org/bf/22/bf22f02099128746663d6860dfa1309a8709d08c/lubbock_temple_lds.jpeg,Lubbock
https://assets.churchofjesuschrist.org/c1/93/c193af7ec5e811ee9563eeeeac1e53835dd26b3a/casper_wyoming_temple_exteriors.jpeg,Casper Wyoming
https://assets.churchofjesuschrist.org/c2/42/c242078ac8317d9f5b9effc15e3ef032c18ed061/kona_temple_lds.jpeg,Kona
https://assets.churchofjesuschrist.org/c4/84/c484fbc46cec529ca91229983577bef615e512e6/tucson_arizona_temple_exterior.jpeg,Tucson Arizona
https://assets.churchofjesuschrist.org/c5/d2/c5d27d196f7b58ce3267af61a746073ec7e94ac2/hamilton_new_zealand_lds_temple.jpeg,Hamilton New Zealand Lds
https://assets.churchofjesuschrist.org/c7/4d/c74d70b79ce0a1c126412698eafa1f606d9cc3f9/indiana_indianapolis_temple.jpeg,Indiana Indianapolis
https://assets.churchofjesuschrist.org/c8/56/c85632672919c0424997855308294168fc7a226f/seoul_korea_temple_lds.jpeg,Seoul Korea
https://assets.churchofjesuschrist.org/c8/f5/c8f512a0cc754f5b051de23c98b37c001cdc379f/nukualofa_tonga_temple_lds.jpeg,Nukualofa Tonga
https://assets.churchofjesuschrist.org/c9/b1/c9b12f0db77f18b44df6aa9eba971162b879fa6f/los_angeles_temple.jpeg,Los Angeles
https://assets.churchofjesuschrist.org/ca/25/ca25b2b8e9bff82de3a7546cc6c76727120588d7/regina_temple_lds.jpeg,Regina
https://assets.churchofjesuschrist.org/ca/5f/ca5ff30597e9a054092bf8984a8291f8d535fbf4/apia_samoa_temple_lds.jpeg,Apia Samoa
https://assets.churchofjesuschrist.org/cc/c6/ccc6e50e8b9ed125f5ab76abaee9a4de8b4a50a1/anchorage_temple_lds.jpeg,Anchorage
https://assets.churchofjesuschrist.org/cd/77/cd77143a31e1668c770005c2c14a8fbfed284e6b/winter_quarters_temple.jpeg,Winter Quarters
https://assets.churchofjesuschrist.org/ce/a1/cea11ee017a94c829c8a630b43be3e369edf4103/rendering_arequipa_peru_temple.jpeg,Rendering Arequipa Peru
https://assets.churchofjesuschrist.org/cf/8b/cf8bfded996c669b5e0ff1533d6186eb5e68cf7a/mount_timpanogos_utah_temple.jpeg,Mount Timpanogos Utah
https://assets.churchofjesuschrist.org/cf/f6/cff67f8c6f870b041854cb0e144210eab8cd6cf7/twin_falls_temple_lds.jpeg,Twin Falls
https://assets.churchofjesuschrist.org/d0/8e/d08e861b3d488bc4327fd4183e1136e23bd441c7/bogota_colombia_temple_lds.jpeg,Bogota Colombia
https://assets.churchofjesuschrist.org/d0/a6/d0a648e5f85c11ebbc80eeeeac1e6abc0c203325/hermosillo_sonora_mexico_temple.png,Hermosillo Sonora Mexico
https://assets.churchofjesuschrist.org/d3/31/d3314069b0111c411c5e21948f4d2d331a98eb3d/trujillo_peru_temple_exterior.jpeg,Trujillo Peru
https://assets.churchofjesuschrist.org/d3/3a/d33a3407f39612a343f6f1ac26c59e0c00db4296/vancouver_temple.jpeg,Vancouver
https://assets.churchofjesuschrist.org/d3/c5/d3c50ef2bc653474951cc3666aa6518671a3ab45/lima_peru_temple_lds.jpeg,Lima Peru
https://assets.churchofjesuschrist.org/d7/09/d709367e4fd0fdb422b80130d127f341947f6dfa/caracas_venezuela_temple.jpeg,Caracas Venezuela
https://assets.churchofjesuschrist.org/d9/87/d987d547ea75e1556e719efd8cf1a3067cfc40c4/bern_switzerland_temple_lds.jpeg,Bern Switzerland
https://assets.churchofjesuschrist.org/da/79/da7965e5c992e2b4d7e09a59d686b293abcc52af/birmingham_alabama_temple_lds.jpeg,Birmingham Alabama
https://assets.churchofjesuschrist.org/dc/ff/dcff55ec15033805eee0a2b55b31adee09b7003f/kinshasa_temple_exterior.jpeg,Kinshasa
https://assets.churchofjesuschrist.org/de/11/de1199e88728cc27217125bcca1eb84af5025ff6/helsinki_finland_temple_lds.jpeg,Helsinki Finland
https://assets.churchofjesuschrist.org/de/2a/de2a4c6582ecb02ed4177b13f513dacba7d9fb15/rome_italy_temple.jpeg,Rome Italy
https://assets.churchofjesuschrist.org/e0/12/e012ebb4075dc7976a314471fc0a3b3058e37c1a/cochabamba_bolivia_temple_lds.jpeg,Cochabamba Bolivia
https://assets.churchofjesuschrist.org/e0/8c/e08c5f68d919c3673ee7777429291c372b906e2f/quetzaltenango_guatemala_temple_lds.jpeg,Quetzaltenango Guatemala
https://assets.churchofjesuschrist.org/e2/ed/e2ed87c928912468fe3882ef21c7851b6b9bb0ac/sao_paulo_brazil_temple_lds.jpeg,Sao Paulo Brazil
https://assets.churchofjesuschrist.org/e4/09/e40917022f073fee847f707bdd922d4a91cce778/tuxtla_gutierrez_mexico_temple.jpeg,Tuxtla Gutierrez Mexico
https://assets.churchofjesuschrist.org/e4/4e/e44ebe67de2711eda107eeeeac1eee8d9c71a610/bentonville_arkansas_temple_exterior.jpeg,Bentonville Arkansas
https://assets.churchofjesuschrist.org/e6/84/e684590314190a6a9846c2299d3b0f3a0a8ece65/louisville_temple_lds.jpeg,Louisville
https://assets.churchofjesuschrist.org/e8/b5/e8b5e8acfbb15ac4c69db04d50894fe72861b6b8/st_george_temple_lds.jpeg,St George
https://assets.churchofjesuschrist.org/e9/1c/e91cc88104bc19e8b7be17415951eec3e7be9442/recife_brazil_temple_lds.jpeg,Recife Brazil
https://assets.churchofjesuschrist.org/ea/81/ea817531789318cff9d81198cdc39923708b7b79/accra_ghana_temple_lds.jpeg,Accra Ghana
https://assets.churchofjesuschrist.org/ed/1e/ed1ed51c7d1b0dfa3fec7decafbc373297df3cd3/guatemala_lds_temple.jpeg,Guatemala Lds
https://assets.churchofjesuschrist.org/ef/3f/ef3fb798000c70abe12474ea7ed2535fa4b22c42/jordan_river_temple_lds.jpeg,Jordan River
https://assets.churchofjesuschrist.org/f1/af/f1af7ca8298c87f7f5a701a29e7559f9f358618f/meridian_idaho_temple_front_view.jpeg,Meridian Idaho Temple
https://assets.churchofjesuschrist.org/f4/31/f431fe56971da9b9003d8991c2091c88305253e6/ciudad_juarez_mexico_temple_lds.jpeg,Ciudad Juarez Mexico
https://assets.churchofjesuschrist.org/f5/ad/f5add01178f02edd063ed997171f3d4a58aa1899/detroit_temple_lds.jpeg,Detroit
https://assets.churchofjesuschrist.org/fa/0c/fa0c80f38e63d292488221a87926420df3e2ec83/newport_beach_temple_lds.jpeg,Newport Beach
https://assets.churchofjesuschrist.org/fe/90/fe90ecb3fc8a72241e1906b4bed1296650b0a0e7/calgary_alberta_lds_temple.jpeg,Calgary Alberta Lds
https://assets.churchofjesuschrist.org/ff/4a/ff4a46066f5e11ed8bc5eeeeac1ec0a6213e3522/winnipeg_manitoba_temple_exterior_overcast.png,Winnipeg Manitoba Temple Exterior
https://assets.churchofjesuschrist.org/ff/8c/ff8c7df0c3ca5323549b8f87790ec42c0ce18662/provo_city_center_temple_exterior.jpeg,Provo City Center
https://assets.churchofjesuschrist.org/pz/bg/pzbgoqroqro0q90zz9w6nft8cmopyu0edvuj0j1g/lds_temples.jpeg,Lds
https://assets.churchofjesuschrist.org/ve/sa/vesa35w2sbdhztr3du0dml1kxj0rt4ks1e6ciwxr/tallahassee_florida_temple_exteriors.jpeg,Tallahassee Florida
